{"description": "", "citation": "", "homepage": "", "license": "", "features": {"Question": {"dtype": "string", "_type": "Value"}, "Equation": {"dtype": "string", "_type": "Value"}, "Answer": {"dtype": "float64", "_type": "Value"}, "Numbers": {"dtype": "string", "_type": "Value"}}, "builder_name": "csv", "config_name": "svamp", "version": {"version_str": "0.0.0", "major": 0, "minor": 0, "patch": 0}, "splits": {"eval": {"name": "eval", "num_bytes": 231905, "num_examples": 1000, "dataset_name": "csv"}}, "download_checksums": {"/content/drive/MyDrive/MsAT-main/data/svamp/dev.csv": {"num_bytes": 220881, "checksum": null}}, "download_size": 220881, "dataset_size": 231905, "size_in_bytes": 452786}