{"description": "", "citation": "", "homepage": "", "license": "", "features": {"Question": {"dtype": "string", "_type": "Value"}, "Equation": {"dtype": "string", "_type": "Value"}, "Answer": {"dtype": "float64", "_type": "Value"}, "Numbers": {"dtype": "string", "_type": "Value"}}, "builder_name": "csv", "config_name": "svamp", "version": {"version_str": "0.0.0", "major": 0, "minor": 0, "patch": 0}, "splits": {"train": {"name": "train", "num_bytes": 652282, "num_examples": 3138, "dataset_name": "csv"}, "eval": {"name": "eval", "num_bytes": 231905, "num_examples": 1000, "dataset_name": "csv"}}, "download_checksums": {"/content/drive/MyDrive/MsAT-main/data/svamp/train.csv": {"num_bytes": 619826, "checksum": null}, "/content/drive/MyDrive/MsAT-main/data/svamp/dev.csv": {"num_bytes": 220881, "checksum": null}}, "download_size": 840707, "dataset_size": 884187, "size_in_bytes": 1724894}