{"description": "", "citation": "", "homepage": "", "license": "", "features": {"Question": {"dtype": "string", "_type": "Value"}, "Equation": {"dtype": "string", "_type": "Value"}, "Answer": {"dtype": "float64", "_type": "Value"}, "Numbers": {"dtype": "string", "_type": "Value"}}, "builder_name": "csv", "config_name": "msat", "version": {"version_str": "0.0.0", "major": 0, "minor": 0, "patch": 0}, "splits": {"train": {"name": "train", "num_bytes": 11921294, "num_examples": 80000, "dataset_name": "csv"}, "eval": {"name": "eval", "num_bytes": 771844, "num_examples": 5000, "dataset_name": "csv"}}, "download_checksums": {"/content/drive/MyDrive/MsAT-main/data/msat/train.csv": {"num_bytes": 10930930, "checksum": null}, "/content/drive/MyDrive/MsAT-main/data/msat/dev.csv": {"num_bytes": 710835, "checksum": null}}, "download_size": 11641765, "dataset_size": 12693138, "size_in_bytes": 24334903}